{"cameraMode":{"drawMode":0,"name":"Shaded","section":"Shading Mode"},"sceneLighting":true,"audioPlay":false,"sceneViewState":{"m_AlwaysRefresh":false,"showFog":true,"showSkybox":true,"showFlares":true,"showImageEffects":true,"showParticleSystems":true,"showVisualEffectGraphs":true,"m_FxEnabled":true},"in2DMode":false,"pivot":{"x":1506.207275390625,"y":33.318939208984378,"z":70.00424194335938},"rotation":{"x":0.1304270476102829,"y":0.08094500005245209,"z":-0.010682460851967335,"w":0.9881013631820679},"size":928.1309204101563,"orthographic":false}