{"cameraMode":{"drawMode":0,"name":"Shaded","section":"Shading Mode"},"sceneLighting":true,"audioPlay":false,"sceneViewState":{"m_AlwaysRefresh":false,"showFog":true,"showSkybox":true,"showFlares":true,"showImageEffects":true,"showParticleSystems":true,"showVisualEffectGraphs":true,"m_FxEnabled":true},"in2DMode":false,"pivot":{"x":0.9722621440887451,"y":0.7398419380187988,"z":-1.2338886260986329},"rotation":{"x":0.03565588966012001,"y":-0.9319371581077576,"z":0.09547801315784455,"w":0.3480106592178345},"size":2.20590877532959,"orthographic":false}