{"cameraMode":{"drawMode":0,"name":"Shaded","section":"Shading Mode"},"sceneLighting":true,"audioPlay":false,"sceneViewState":{"m_AlwaysRefresh":false,"showFog":true,"showSkybox":true,"showFlares":true,"showImageEffects":true,"showParticleSystems":true,"showVisualEffectGraphs":true,"m_FxEnabled":true},"in2DMode":false,"pivot":{"x":0.16592323780059815,"y":1.5404210090637208,"z":0.35567426681518557},"rotation":{"x":-0.08958034962415695,"y":-0.864719569683075,"z":-0.16647455096244813,"w":0.46532365679740908},"size":1.4346704483032227,"orthographic":false}