{"cameraMode":{"drawMode":0,"name":"Shaded","section":"Shading Mode"},"sceneLighting":true,"audioPlay":false,"sceneViewState":{"m_AlwaysRefresh":false,"showFog":true,"showSkybox":true,"showFlares":true,"showImageEffects":true,"showParticleSystems":true,"showVisualEffectGraphs":true,"m_FxEnabled":true},"in2DMode":false,"pivot":{"x":7.313727378845215,"y":8.475080490112305,"z":-4.674018859863281},"rotation":{"x":-0.014694235287606717,"y":-0.16709916293621064,"z":-0.0024913528468459846,"w":0.9858303070068359},"size":12.12435531616211,"orthographic":false}